attributes,correlation
median_house_value,1.0
median_income,0.6880752079585577
total_rooms,0.1341531138065627
housing_median_age,0.10562341249321065
households,0.0658426505700564
total_bedrooms,0.0496861802473462
population,-0.024649678888894865
longitude,-0.0459666151179817
latitude,-0.1441602768746574
